{
  "clearInfo": {
    "clearUrl": "api/clear.json"
  },
  "homeInfo": {
    "title": "首页",
    "icon": "fa fa-home",
    "href": "page/welcome-1.html"
  },
  "logoInfo": {
    "title": "LAYUI MINI",
    "image": "images/odslogo.png",
    "href": ""
  },
  "menuInfo": {
    "currency": {
      "title": "常规管理",
      "icon": "fa fa-address-book",
      "child": [
        {
          "title": "主页",
          "href": "page/welcome-1.html",
          "icon": "fa fa-tachometer",
          "target": "_self"

        },
        {
          "title": "菜单管理",
          "href": "page/menu.html",
          "icon": "fa fa-window-maximize",
          "target": "_self"
        },
        {
          "title": "ODS链控制台",
          "href": "page/setting.html",
          "icon": "fa fa-gears",
          "target": "_self"
        },
        {
          "title": "权限管理",
          "href": "page/authmanagement.html",
          "icon": "fa fa-user",
          "target": "_self"
        },
        {
          "title": "申请记录列表",
          "href": "page/table.html",
          "icon": "fa fa-file-text",
          "target": "_self"
        },
        {
          "title": "表单填写",
          "href": "",
          "icon": "fa fa-calendar",
          "target": "_self",
          "child": [
            {
              "title": "申请书表单",
              "href": "page/form.html",
              "icon": "fa fa-list-alt",
              "target": "_self"
            },
            {
              "title": "交易表单",
              "href": "page/form-step.html",
              "icon": "fa fa-navicon",
              "target": "_self"
            }
          ]
        },

        {
          "title": "异常页面",
          "href": "",
          "icon": "fa fa-home",
          "target": "_self",
          "child": [
            {
              "title": "404页面",
              "href": "page/404.html",
              "icon": "fa fa-hourglass-end",
              "target": "_self"
            }
          ]
        },
        {
          "title": "其它界面",
          "href": "",
          "icon": "fa fa-snowflake-o",
          "target": "",
          "child": [
            {
              "title": "按钮示例",
              "href": "page/button.html",
              "icon": "fa fa-snowflake-o",
              "target": "_self"
            },
            {
              "title": "弹出层",
              "href": "page/layer.html",
              "icon": "fa fa-shield",
              "target": "_self"
            }
          ]
        }
      ]
    },
    "component": {
      "title": "组件管理",
      "icon": "fa fa-lemon-o",
      "child": [
        {
          "title": "图标列表",
          "href": "page/icon.html",
          "icon": "fa fa-dot-circle-o",
          "target": "_self"
        },
        {
          "title": "图标选择",
          "href": "page/icon-picker.html",
          "icon": "fa fa-adn",
          "target": "_self"
        },
        {
          "title": "颜色选择",
          "href": "page/color-select.html",
          "icon": "fa fa-dashboard",
          "target": "_self"
        },
        {
          "title": "下拉选择",
          "href": "page/table-select.html",
          "icon": "fa fa-angle-double-down",
          "target": "_self"
        },
        {
          "title": "文件上传",
          "href": "page/upload.html",
          "icon": "fa fa-arrow-up",
          "target": "_self"
        },
        {
          "title": "富文本编辑器",
          "href": "page/editor.html",
          "icon": "fa fa-edit",
          "target": "_self"
        },
        {
          "title": "省市县区选择器",
          "href": "page/area.html",
          "icon": "fa fa-rocket",
          "target": "_self"
        }
      ]
    },
    "other": {
      "title": "其它管理",
      "icon": "fa fa-slideshare",
      "child": [
        {
          "title": "多级菜单",
          "href": "",
          "icon": "fa fa-meetup",
          "target": "",
          "child": [
            {
              "title": "按钮1",
              "href": "page/button.html",
              "icon": "fa fa-calendar",
              "target": "_self",
              "child": [
                {
                  "title": "按钮2",
                  "href": "page/button.html",
                  "icon": "fa fa-snowflake-o",
                  "target": "_self",
                  "child": [
                    {
                      "title": "三级菜单1",
                      "href": "page/button-1.html",
                      "icon": "fa fa-snowflake-o",
                      "target": "_self"
                    },
                    {
                      "title": "三级菜单2",
                      "href": "page/form-1.html",
                      "icon": "fa fa-calendar",
                      "target": "_self"
                    }
                  ]
                }
              ]
            }
          ]
        },
        {
          "title": "失效菜单",
          "href": "page/error.html",
          "icon": "fa fa-superpowers",
          "target": "_self"
        }
      ]
    }
  }
}